{
  "meta_data": {
    "path_name": "1PieceDockMaverickPart2",
    "sample_rate": 0.01
  },
  "key_points": [
    {
      "index": 0,
      "delta_time": 0,
      "time": 0.0,
      "x": 9.8,
      "y": 2.737057037277853,
      "angle": 4.71238898038469,
      "velocity_magnitude": 0,
      "velocity_theta": 0,
      "angular_velocity": 0
    },
    {
      "index": 1,
      "delta_time": 1.5,
      "time": 1.5,
      "x": 13.0,
      "y": 2.74,
      "angle": 4.71238898038469,
      "velocity_magnitude": 0,
      "velocity_theta": 0,
      "angular_velocity": 0
    }
  ],
  "sampled_points": [
    [
      0,
      9.8,
      2.737057037277853,
      4.71238898038469
    ],
    [
      0.01,
      9.800009386919507,
      2.737057045910776,
      4.71238898038469
    ],
    [
      0.02,
      9.80007434290568,
      2.737057105649228,
      4.71238898038469
    ],
    [
      0.03,
      9.800248381440001,
      2.737057265708265,
      4.71238898038469
    ],
    [
      0.04,
      9.800582801129877,
      2.737057573265978,
      4.71238898038469
    ],
    [
      0.05,
      9.801126716049383,
      2.737058073491394,
      4.71238898038469
    ],
    [
      0.060000000000000005,
      9.801927086080001,
      2.7370588095723827,
      4.71238898038469
    ],
    [
      0.07,
      9.803028747251359,
      2.7370598227435576,
      4.71238898038469
    ],
    [
      0.08,
      9.804474442081975,
      2.737061152314181,
      4.71238898038469
    ],
    [
      0.09,
      9.80630484992,
      2.7370628356960665,
      4.71238898038469
    ],
    [
      0.09999999999999999,
      9.808558617283952,
      2.737064908431484,
      4.71238898038469
    ],
    [
      0.10999999999999999,
      9.811272388203458,
      2.737067404221063,
      4.71238898038469
    ],
    [
      0.11999999999999998,
      9.814480834560001,
      2.7370703549516953,
      4.71238898038469
    ],
    [
      0.12999999999999998,
      9.818216686427656,
      2.73707379072444,
      4.71238898038469
    ],
    [
      0.13999999999999999,
      9.822510762413827,
      2.737077739882425,
      4.71238898038469
    ],
    [
      0.15,
      9.827392000000001,
      2.7370822290387546,
      4.71238898038469
    ],
    [
      0.16,
      9.83288748588247,
      2.737087283104408,
      4.71238898038469
    ],
    [
      0.17,
      9.839022486313088,
      2.7370929253161482,
      4.71238898038469
    ],
    [
      0.18000000000000002,
      9.84582047744,
      2.7370991772644206,
      4.71238898038469
    ],
    [
      0.19000000000000003,
      9.853303175648396,
      2.7371060589212606,
      4.71238898038469
    ],
    [
      0.20000000000000004,
      9.861490567901235,
      2.737113588668196,
      4.71238898038469
    ],
    [
      0.21000000000000005,
      9.87040094208,
      2.7371217833241483,
      4.71238898038469
    ],
    [
      0.22000000000000006,
      9.880050917325432,
      2.7371306581733412,
      4.71238898038469
    ],
    [
      0.23000000000000007,
      9.890455474378273,
      2.7371402269931995,
      4.71238898038469
    ],
    [
      0.24000000000000007,
      9.901627985920001,
      2.737150502082256,
      4.71238898038469
    ],
    [
      0.25000000000000006,
      9.91358024691358,
      2.7371614942880527,
      4.71238898038469
    ],
    [
      0.26000000000000006,
      9.926322504944197,
      2.7371732130350463,
      4.71238898038469
    ],
    [
      0.2700000000000001,
      9.93986349056,
      2.7371856663525116,
      4.71238898038469
    ],
    [
      0.2800000000000001,
      9.95421044761284,
      2.737198860902444,
      4.71238898038469
    ],
    [
      0.2900000000000001,
      9.969369163599014,
      2.737212802007463,
      4.71238898038469
    ],
    [
      0.3000000000000001,
      9.985344000000001,
      2.7372274936787195,
      4.71238898038469
    ],
    [
      0.3100000000000001,
      10.002137922623211,
      2.7372429386437944,
      4.71238898038469
    ],
    [
      0.3200000000000001,
      10.019752531942716,
      2.7372591383746046,
      4.71238898038469
    ],
    [
      0.3300000000000001,
      10.03818809344,
      2.737276093115307,
      4.71238898038469
    ],
    [
      0.34000000000000014,
      10.057443567944691,
      2.7372938019102024,
      4.71238898038469
    ],
    [
      0.35000000000000014,
      10.07751664197531,
      2.737312262631637,
      4.71238898038469
    ],
    [
      0.36000000000000015,
      10.098403758080002,
      2.7373314720079085,
      4.71238898038469
    ],
    [
      0.37000000000000016,
      10.120100145177284,
      2.737351425651169,
      4.71238898038469
    ],
    [
      0.38000000000000017,
      10.142599848896792,
      2.737372118085327,
      4.71238898038469
    ],
    [
      0.3900000000000002,
      10.165895761920002,
      2.7373935427739537,
      4.71238898038469
    ],
    [
      0.4000000000000002,
      10.18997965432099,
      2.737415692148185,
      4.71238898038469
    ],
    [
      0.4100000000000002,
      10.214842203907162,
      2.7374385576346256,
      4.71238898038469
    ],
    [
      0.4200000000000002,
      10.240473026560002,
      2.737462129683252,
      4.71238898038469
    ],
    [
      0.4300000000000002,
      10.266860706575804,
      2.737486397795318,
      4.71238898038469
    ],
    [
      0.4400000000000002,
      10.29399282700642,
      2.7375113505512556,
      4.71238898038469
    ],
    [
      0.45000000000000023,
      10.321856,
      2.7375369756385806,
      4.71238898038469
    ],
    [
      0.46000000000000024,
      10.350435897141729,
      2.7375632598797965,
      4.71238898038469
    ],
    [
      0.47000000000000025,
      10.37971727979457,
      2.7375901892602967,
      4.71238898038469
    ],
    [
      0.48000000000000026,
      10.409684029440001,
      2.7376177489562687,
      4.71238898038469
    ],
    [
      0.49000000000000027,
      10.440319178018767,
      2.7376459233625985,
      4.71238898038469
    ],
    [
      0.5000000000000002,
      10.471604938271605,
      2.7376746961207727,
      4.71238898038469
    ],
    [
      0.5100000000000002,
      10.50352273408,
      2.7377040501467844,
      4.71238898038469
    ],
    [
      0.5200000000000002,
      10.536053230806914,
      2.7377339676590347,
      4.71238898038469
    ],
    [
      0.5300000000000002,
      10.569176365637531,
      2.7377644302062367,
      4.71238898038469
    ],
    [
      0.5400000000000003,
      10.602871377920001,
      2.7377954186953213,
      4.71238898038469
    ],
    [
      0.5500000000000003,
      10.637116839506174,
      2.737826913419337,
      4.71238898038469
    ],
    [
      0.5600000000000003,
      10.671890685092347,
      2.7378588940853574,
      4.71238898038469
    ],
    [
      0.5700000000000003,
      10.707170242560002,
      2.737891339842383,
      4.71238898038469
    ],
    [
      0.5800000000000003,
      10.742932263316545,
      2.737924229309244,
      4.71238898038469
    ],
    [
      0.5900000000000003,
      10.77915295263605,
      2.7379575406025056,
      4.71238898038469
    ],
    [
      0.6000000000000003,
      10.815808000000002,
      2.7379912513643716,
      4.71238898038469
    ],
    [
      0.6100000000000003,
      10.852872609438027,
      2.738025338790586,
      4.71238898038469
    ],
    [
      0.6200000000000003,
      10.890321529868643,
      2.73805977965834,
      4.71238898038469
    ],
    [
      0.6300000000000003,
      10.928129085440002,
      2.738094550354172,
      4.71238898038469
    ],
    [
      0.6400000000000003,
      10.966269205870619,
      2.738129626901874,
      4.71238898038469
    ],
    [
      0.6500000000000004,
      11.004715456790125,
      2.738164984990393,
      4.71238898038469
    ],
    [
      0.6600000000000004,
      11.043441070080002,
      2.7382006000017385,
      4.71238898038469
    ],
    [
