{
  "meta_data": {
    "path_name": "1PieceDockMaverickPart2",
    "sample_rate": 0.01
  },
  "key_points": [
    {
      "index": 0,
      "delta_time": 0,
      "time": 0.0,
      "x": 6.7,
      "y": 2.737057037277853,
      "angle": 1.5707963267948966,
      "velocity_magnitude": 0,
      "velocity_theta": 0,
      "angular_velocity": 0
    },
    {
      "index": 1,
      "delta_time": 1.5,
      "time": 1.5,
      "x": 3.5,
      "y": 2.74,
      "angle": 1.5707963267948966,
      "velocity_magnitude": 0,
      "velocity_theta": 0,
      "angular_velocity": 0
    }
  ],
  "sampled_points": [
    [
      0,
      6.7,
      2.737057037277853,
      1.5707963267948966
    ],
    [
      0.01,
      6.699990613080494,
      2.737057045910776,
      1.5707963267948966
    ],
    [
      0.02,
      6.6999256570943215,
      2.737057105649228,
      1.5707963267948966
    ],
    [
      0.03,
      6.699751618560001,
      2.737057265708265,
      1.5707963267948966
    ],
    [
      0.04,
      6.699417198870123,
      2.737057573265978,
      1.5707963267948966
    ],
    [
      0.05,
      6.6988732839506175,
      2.737058073491394,
      1.5707963267948966
    ],
    [
      0.060000000000000005,
      6.69807291392,
      2.7370588095723827,
      1.5707963267948966
    ],
    [
      0.07,
      6.696971252748642,
      2.7370598227435576,
      1.5707963267948966
    ],
    [
      0.08,
      6.695525557918025,
      2.737061152314181,
      1.5707963267948966
    ],
    [
      0.09,
      6.69369515008,
      2.7370628356960665,
      1.5707963267948966
    ],
    [
      0.09999999999999999,
      6.691441382716049,
      2.737064908431484,
      1.5707963267948966
    ],
    [
      0.10999999999999999,
      6.688727611796543,
      2.737067404221063,
      1.5707963267948966
    ],
    [
      0.11999999999999998,
      6.685519165440001,
      2.7370703549516953,
      1.5707963267948966
    ],
    [
      0.12999999999999998,
      6.681783313572346,
      2.73707379072444,
      1.5707963267948966
    ],
    [
      0.13999999999999999,
      6.677489237586173,
      2.737077739882425,
      1.5707963267948966
    ],
    [
      0.15,
      6.672608,
      2.7370822290387546,
      1.5707963267948966
    ],
    [
      0.16,
      6.667112514117531,
      2.737087283104408,
      1.5707963267948966
    ],
    [
      0.17,
      6.660977513686913,
      2.7370929253161482,
      1.5707963267948966
    ],
    [
      0.18000000000000002,
      6.65417952256,
      2.7370991772644206,
      1.5707963267948966
    ],
    [
      0.19000000000000003,
      6.646696824351605,
      2.7371060589212606,
      1.5707963267948966
    ],
    [
      0.20000000000000004,
      6.638509432098766,
      2.737113588668196,
      1.5707963267948966
    ],
    [
      0.21000000000000005,
      6.62959905792,
      2.7371217833241483,
      1.5707963267948966
    ],
    [
      0.22000000000000006,
      6.619949082674568,
      2.7371306581733412,
      1.5707963267948966
    ],
    [
      0.23000000000000007,
      6.609544525621729,
      2.7371402269931995,
      1.5707963267948966
    ],
    [
      0.24000000000000007,
      6.59837201408,
      2.737150502082256,
      1.5707963267948966
    ],
    [
      0.25000000000000006,
      6.58641975308642,
      2.7371614942880527,
      1.5707963267948966
    ],
    [
      0.26000000000000006,
      6.573677495055803,
      2.7371732130350463,
      1.5707963267948966
    ],
    [
      0.2700000000000001,
      6.56013650944,
      2.7371856663525116,
      1.5707963267948966
    ],
    [
      0.2800000000000001,
      6.545789552387161,
      2.737198860902444,
      1.5707963267948966
    ],
    [
      0.2900000000000001,
      6.530630836400988,
      2.737212802007463,
      1.5707963267948966
    ],
    [
      0.3000000000000001,
      6.5146560000000004,
      2.7372274936787195,
      1.5707963267948966
    ],
    [
      0.3100000000000001,
      6.49786207737679,
      2.7372429386437944,
      1.5707963267948966
    ],
    [
      0.3200000000000001,
      6.480247468057284,
      2.7372591383746046,
      1.5707963267948966
    ],
    [
      0.3300000000000001,
      6.46181190656,
      2.737276093115307,
      1.5707963267948966
    ],
    [
      0.34000000000000014,
      6.442556432055309,
      2.7372938019102024,
      1.5707963267948966
    ],
    [
      0.35000000000000014,
      6.422483358024691,
      2.737312262631637,
      1.5707963267948966
    ],
    [
      0.36000000000000015,
      6.40159624192,
      2.7373314720079085,
      1.5707963267948966
    ],
    [
      0.37000000000000016,
      6.379899854822716,
      2.737351425651169,
      1.5707963267948966
    ],
    [
      0.38000000000000017,
      6.35740015110321,
      2.737372118085327,
      1.5707963267948966
    ],
    [
      0.3900000000000002,
      6.33410423808,
      2.7373935427739537,
      1.5707963267948966
    ],
    [
      0.4000000000000002,
      6.310020345679012,
      2.737415692148185,
      1.5707963267948966
    ],
    [
      0.4100000000000002,
      6.2851577960928395,
      2.7374385576346256,
      1.5707963267948966
    ],
    [
      0.4200000000000002,
      6.25952697344,
      2.737462129683252,
      1.5707963267948966
    ],
    [
      0.4300000000000002,
      6.233139293424197,
      2.737486397795318,
      1.5707963267948966
    ],
    [
      0.4400000000000002,
      6.20600717299358,
      2.7375113505512556,
      1.5707963267948966
    ],
    [
      0.45000000000000023,
      6.178144,
      2.7375369756385806,
      1.5707963267948966
    ],
    [
      0.46000000000000024,
      6.149564102858271,
      2.7375632598797965,
      1.5707963267948966
    ],
    [
      0.47000000000000025,
      6.120282720205432,
      2.7375901892602967,
      1.5707963267948966
    ],
    [
      0.48000000000000026,
      6.09031597056,
      2.7376177489562687,
      1.5707963267948966
    ],
    [
      0.49000000000000027,
      6.059680821981234,
      2.7376459233625985,
      1.5707963267948966
    ],
    [
      0.5000000000000002,
      6.028395061728395,
      2.7376746961207727,
      1.5707963267948966
    ],
    [
      0.5100000000000002,
      5.996477265919999,
      2.7377040501467844,
      1.5707963267948966
    ],
    [
      0.5200000000000002,
      5.963946769193086,
      2.7377339676590347,
      1.5707963267948966
    ],
    [
      0.5300000000000002,
      5.930823634362469,
      2.7377644302062367,
      1.5707963267948966
    ],
    [
      0.5400000000000003,
      5.89712862208,
      2.7377954186953213,
      1.5707963267948966
    ],
    [
      0.5500000000000003,
      5.862883160493827,
      2.737826913419337,
      1.5707963267948966
    ],
    [
      0.5600000000000003,
      5.828109314907654,
      2.7378588940853574,
      1.5707963267948966
    ],
    [
      0.5700000000000003,
      5.79282975744,
      2.737891339842383,
      1.5707963267948966
    ],
    [
      0.5800000000000003,
      5.757067736683457,
      2.737924229309244,
      1.5707963267948966
    ],
    [
      0.5900000000000003,
      5.72084704736395,
      2.7379575406025056,
      1.5707963267948966
    ],
    [
      0.6000000000000003,
      5.6841919999999995,
      2.7379912513643716,
      1.5707963267948966
    ],
    [
      0.6100000000000003,
      5.647127390561975,
      2.738025338790586,
      1.5707963267948966
    ],
    [
      0.6200000000000003,
      5.609678470131358,
      2.73805977965834,
      1.5707963267948966
    ],
    [
      0.6300000000000003,
      5.57187091456,
      2.738094550354172,
      1.5707963267948966
    ],
    [
      0.6400000000000003,
      5.533730794129382,
      2.738129626901874,
      1.5707963267948966
    ],
    [
      0.6500000000000004,
      5.495284543209876,
      2.738164984990393,
      1.5707963267948966
    ],
    [
      0.6600000000000004,
      5.45655892992,
