{
  "meta_data": {
    "path_name": "1PieceDockMaverickPart2",
    "sample_rate": 0.01
  },
  "key_points": [
    {
      "index": 0,
      "delta_time": 0,
      "time": 0.0,
      "x": 6.5,
      "y": 2.737057037277853,
      "angle": 1.5707963267948966,
      "velocity_magnitude": 0,
      "velocity_theta": 0,
      "angular_velocity": 0
    },
    {
      "index": 1,
      "delta_time": 1.0,
      "time": 1.0,
      "x": 3.5,
      "y": 2.74,
      "angle": 1.5707963267948966,
      "velocity_magnitude": 0,
      "velocity_theta": 0,
      "angular_velocity": 0
    }
  ],
  "sampled_points": [
    [
      0,
      6.5,
      2.737057037277853,
      1.5707963267948966
    ],
    [
      0.01,
      6.4999704482,
      2.7370570662678015,
      1.5707963267948966
    ],
    [
      0.02,
      6.4997671424,
      2.737057265708265,
      1.5707963267948966
    ],
    [
      0.03,
      6.499226012599999,
      2.7370577965498746,
      1.5707963267948966
    ],
    [
      0.04,
      6.498193356799999,
      2.7370588095723827,
      1.5707963267948966
    ],
    [
      0.05,
      6.496525624999999,
      2.7370604455965553,
      1.5707963267948966
    ],
    [
      0.060000000000000005,
      6.494089203199999,
      2.7370628356960665,
      1.5707963267948966
    ],
    [
      0.07,
      6.490760197399999,
      2.73706610140939,
      1.5707963267948966
    ],
    [
      0.08,
      6.486424217599999,
      2.7370703549516953,
      1.5707963267948966
    ],
    [
      0.09,
      6.480976161799998,
      2.737075699426738,
      1.5707963267948966
    ],
    [
      0.09999999999999999,
      6.474319999999999,
      2.7370822290387546,
      1.5707963267948966
    ],
    [
      0.10999999999999999,
      6.466368558199998,
      2.737090029304356,
      1.5707963267948966
    ],
    [
      0.11999999999999998,
      6.457043302399998,
      2.7370991772644206,
      1.5707963267948966
    ],
    [
      0.12999999999999998,
      6.4462741225999975,
      2.737109741695987,
      1.5707963267948966
    ],
    [
      0.13999999999999999,
      6.433999116799998,
      2.7371217833241483,
      1.5707963267948966
    ],
    [
      0.15,
      6.420164374999998,
      2.7371353550339443,
      1.5707963267948966
    ],
    [
      0.16,
      6.404723763199997,
      2.737150502082256,
      1.5707963267948966
    ],
    [
      0.17,
      6.387638707399997,
      2.7371672623096974,
      1.5707963267948966
    ],
    [
      0.18000000000000002,
      6.368877977599997,
      2.7371856663525116,
      1.5707963267948966
    ],
    [
      0.19000000000000003,
      6.348417471799997,
      2.73720573785446,
      1.5707963267948966
    ],
    [
      0.20000000000000004,
      6.326239999999997,
      2.7372274936787195,
      1.5707963267948966
    ],
    [
      0.21000000000000005,
      6.302335068199996,
      2.737250944119774,
      1.5707963267948966
    ],
    [
      0.22000000000000006,
      6.276698662399997,
      2.737276093115307,
      1.5707963267948966
    ],
    [
      0.23000000000000007,
      6.2493330325999965,
      2.7373029384580967,
      1.5707963267948966
    ],
    [
      0.24000000000000007,
      6.220246476799996,
      2.7373314720079085,
      1.5707963267948966
    ],
    [
      0.25000000000000006,
      6.189453124999996,
      2.7373616799033877,
      1.5707963267948966
    ],
    [
      0.26000000000000006,
      6.156972723199996,
      2.7373935427739537,
      1.5707963267948966
    ],
    [
      0.2700000000000001,
      6.122830417399996,
      2.7374270359516926,
      1.5707963267948966
    ],
    [
      0.2800000000000001,
      6.087056537599995,
      2.737462129683252,
      1.5707963267948966
    ],
    [
      0.2900000000000001,
      6.0496863817999955,
      2.737498789341732,
      1.5707963267948966
    ],
    [
      0.3000000000000001,
      6.010759999999995,
      2.7375369756385806,
      1.5707963267948966
    ],
    [
      0.3100000000000001,
      5.970321978199995,
      2.7375766448354857,
      1.5707963267948966
    ],
    [
      0.3200000000000001,
      5.928421222399995,
      2.7376177489562687,
      1.5707963267948966
    ],
    [
      0.3300000000000001,
      5.885110742599995,
      2.7376602359987787,
      1.5707963267948966
    ],
    [
      0.34000000000000014,
      5.840447436799995,
      2.7377040501467844,
      1.5707963267948966
    ],
    [
      0.35000000000000014,
      5.794491874999994,
      2.7377491319818685,
      1.5707963267948966
    ],
    [
      0.36000000000000015,
      5.747308083199994,
      2.737795418695321,
      1.5707963267948966
    ],
    [
      0.37000000000000016,
      5.698963327399994,
      2.7378428443000313,
      1.5707963267948966
    ],
    [
      0.38000000000000017,
      5.649527897599993,
      2.7378913398423825,
      1.5707963267948966
    ],
    [
      0.3900000000000002,
      5.599074891799994,
      2.7379408336141458,
      1.5707963267948966
    ],
    [
      0.4000000000000002,
      5.5476799999999935,
      2.737991251364371,
      1.5707963267948966
    ],
    [
      0.4100000000000002,
      5.495421288199993,
      2.7380425165112827,
      1.5707963267948966
    ],
    [
      0.4200000000000002,
      5.442378982399993,
      2.738094550354172,
      1.5707963267948966
    ],
    [
      0.4300000000000002,
      5.388635252599993,
      2.7381472722852886,
      1.5707963267948966
    ],
    [
      0.4400000000000002,
      5.334273996799993,
      2.738200600001738,
      1.5707963267948966
    ],
    [
      0.45000000000000023,
      5.279380624999993,
      2.7382544497173713,
      1.5707963267948966
    ],
    [
      0.46000000000000024,
      5.224041843199993,
      2.7383087363746803,
      1.5707963267948966
    ],
    [
      0.47000000000000025,
      5.168345437399992,
      2.7383633738566893,
      1.5707963267948966
    ],
    [
      0.48000000000000026,
      5.112380057599992,
      2.73841827519885,
      1.5707963267948966
    ],
    [
      0.49000000000000027,
      5.056235001799992,
      2.738473352800934,
      1.5707963267948966
    ],
    [
      0.5000000000000002,
      4.999999999999992,
      2.7385285186389265,
      1.5707963267948966
    ],
    [
      0.5100000000000002,
      4.943764998199992,
      2.738583684476919,
      1.5707963267948966
    ],
    [
      0.5200000000000002,
      4.887619942399993,
      2.738638762079003,
      1.5707963267948966
    ],
    [
      0.5300000000000002,
      4.831654562599993,
      2.738693663421164,
      1.5707963267948966
    ],
    [
      0.5400000000000003,
      4.775958156799993,
      2.738748300903173,
      1.5707963267948966
    ],
    [
      0.5500000000000003,
      4.720619374999992,
      2.738802587560482,
      1.5707963267948966
    ],
    [
      0.5600000000000003,
      4.6657260031999925,
      2.738856437276115,
      1.5707963267948966
    ],
    [
      0.5700000000000003,
      4.611364747399992,
      2.7389097649925644,
      1.5707963267948966
    ],
    [
      0.5800000000000003,
      4.557621017599992,
      2.7389624869236813,
      1.5707963267948966
    ],
    [
      0.5900000000000003,
      4.504578711799992,
      2.7390145207665704,
      1.5707963267948966
    ],
    [
      0.6000000000000003,
      4.452319999999991,
      2.739065785913482,
      1.5707963267948966
    ],
    [
      0.6100000000000003,
      4.400925108199991,
      2.7391162036637073,
      1.5707963267948966
    ],
    [
      0.6200000000000003,
      4.350472102399992,
      2.7391656974354706,
      1.5707963267948966
    ],
    [
      0.6300000000000003,
      4.301036672599992,
      2.739214192977822,
      1.5707963267948966
    ],
    [
      0.6400000000000003,
      4.252691916799993,
      2.7392616185825323,
      1.5707963267948966
    ],
    [
      0.6500000000000004,
      4.205508124999993,
      2.7393079052959846,
      1.5707963267948966
